>=A2,>=B1,>=B2,>=C1,C2
1,1,1,0,0
1,1,1,0,0
1,1,1,0,0
1,1,1,0,0
1,1,1,0,0
1,1,1,0,0
1,1,1,0,0
1,1,1,0,0
1,1,1,0,0
1,1,1,0,0
1,1,1,0,0
1,1,1,0,0
1,1,1,0,0
1,1,1,0,0
1,1,1,0,0
1,1,1,0,0
1,1,1,0,0
1,1,1,0,0
1,1,1,0,0
1,1,1,0,0
1,1,1,0,0
1,1,1,0,0
1,1,1,0,0
1,1,1,0,0
1,1,1,0,0
1,1,1,0,0
1,1,1,0,0
1,1,1,0,0
1,1,1,0,0
1,1,1,0,0
1,1,1,0,0
1,1,1,0,0
1,1,1,0,0
1,1,1,0,0
1,1,1,0,0
1,1,1,0,0
1,1,1,0,0
1,1,1,0,0
1,1,1,0,0
1,1,1,0,0
1,1,1,0,0
1,1,1,0,0
1,1,1,0,0
1,1,1,0,0
1,1,1,0,0
1,1,1,0,0
1,1,1,0,0
1,1,1,0,0
1,1,1,0,0
1,1,1,0,0
1,1,1,0,0
1,1,1,0,0
1,1,1,0,0
1,1,1,0,0
1,1,1,0,0
1,1,1,0,0
1,1,1,0,0
1,1,1,0,0
1,1,1,0,0
1,1,1,0,0
1,1,1,0,0
1,1,1,0,0
1,1,1,0,0
1,1,1,0,0
1,1,1,0,0
1,1,1,0,0
1,1,1,0,0
1,1,1,0,0
1,1,1,0,0
1,1,1,0,0
1,1,1,0,0
1,1,1,0,0
1,1,1,0,0
1,1,1,0,0
1,1,1,0,0
1,1,1,0,0
1,1,1,0,0
1,1,1,0,0
1,1,1,0,0
1,1,1,0,0
1,1,1,0,0
1,1,1,0,0
1,1,1,0,0
1,1,1,0,0
1,1,1,0,0
1,1,1,0,0
1,1,1,0,0
1,1,1,0,0
1,1,1,0,0
1,1,1,0,0
1,1,1,0,0
1,1,1,0,0
1,1,1,0,0
1,1,1,0,0
1,1,1,0,0
1,1,1,0,0
1,1,1,0,0
1,1,1,0,0
1,1,1,0,0
1,1,1,0,0
1,1,1,0,0
1,1,1,0,0
1,1,1,0,0
1,1,1,0,0
1,1,1,0,0
1,1,1,0,0
1,1,1,0,0
1,1,1,0,0
1,1,1,0,0
1,1,1,0,0
1,1,1,0,0
1,1,1,0,0
1,1,1,0,0
1,1,1,0,0
1,1,1,0,0
1,1,1,0,0
1,1,1,0,0
1,1,1,0,0
1,1,1,0,0
1,1,1,0,0
1,1,1,0,0
1,1,1,0,0
1,1,1,0,0
1,1,1,0,0
1,1,1,0,0
1,1,1,0,0
1,1,1,0,0
1,1,1,0,0
1,1,1,0,0
1,1,1,0,0
1,1,1,0,0
1,1,1,0,0
1,1,1,0,0
1,1,1,0,0
1,1,1,0,0
1,1,1,0,0
1,1,1,0,0
1,1,1,0,0
1,1,1,0,0
1,1,1,0,0
1,1,1,0,0
1,1,1,0,0
1,1,1,0,0
1,1,1,0,0
1,1,1,0,0
1,1,1,0,0
1,1,1,0,0
1,1,1,0,0
1,1,1,0,0
1,1,1,0,0
1,1,1,0,0
1,1,1,0,0
1,1,1,0,0
1,1,1,0,0
1,1,1,0,0
1,1,1,0,0
1,1,1,0,0
1,1,1,0,0
1,1,1,0,0
1,1,1,0,0
1,1,1,0,0
1,1,1,0,0
1,1,1,0,0
1,1,1,0,0
1,1,1,0,0
1,1,1,0,0
1,1,1,0,0
1,1,1,0,0
1,1,1,0,0
1,1,1,0,0
1,1,1,0,0
1,1,1,0,0
1,1,1,0,0
1,1,1,0,0
1,1,1,0,0
1,1,1,0,0
1,1,1,0,0
1,1,1,0,0
1,1,1,0,0
1,1,1,0,0
1,1,1,0,0
1,1,1,0,0
1,1,1,0,0
1,1,1,0,0
1,1,1,0,0
1,1,1,0,0
1,1,1,0,0
1,1,1,0,0
1,1,1,0,0
1,1,1,0,0
1,1,1,0,0
1,1,1,0,0
1,1,1,0,0
1,1,1,0,0
1,1,1,0,0
1,1,1,0,0
1,1,1,0,0
1,1,1,0,0
1,1,1,0,0
1,1,1,0,0
1,1,1,0,0
1,1,1,0,0
1,1,1,0,0
1,1,1,0,0
1,1,1,0,0
1,1,1,0,0
1,1,1,0,0
1,1,1,0,0
1,1,1,0,0
1,1,1,0,0
1,1,1,0,0
1,1,1,0,0
1,1,1,0,0
1,1,1,0,0
1,1,1,0,0
1,1,1,0,0
1,1,1,0,0
1,1,1,0,0
1,1,1,0,0
1,1,1,0,0
1,1,1,0,0
1,1,1,0,0
1,1,1,0,0
1,1,1,0,0
1,1,1,0,0
1,1,1,0,0
1,1,1,0,0
1,1,1,0,0
1,1,1,0,0
1,1,1,0,0
1,1,1,0,0
1,1,1,0,0
1,1,1,0,0
1,1,1,0,0
1,1,1,0,0
1,1,1,0,0
1,1,1,0,0
1,1,1,0,0
1,1,1,0,0
1,1,1,0,0
1,1,1,0,0
1,1,1,0,0
1,1,1,0,0
1,1,1,0,0
1,1,1,0,0
1,1,1,0,0
1,1,1,0,0
1,1,1,0,0
1,1,1,0,0
1,1,1,0,0
1,1,1,0,0
1,1,1,0,0
1,1,1,0,0
1,1,1,0,0
1,1,1,0,0
1,1,1,0,0
1,1,1,0,0
1,1,1,0,0
1,1,1,0,0
1,1,1,0,0
1,1,1,0,0
1,1,1,0,0
1,1,1,0,0
1,1,1,0,0
1,1,1,0,0
1,1,1,0,0
1,1,1,0,0
1,1,1,0,0
1,1,1,0,0
1,1,1,0,0
1,1,1,0,0
1,1,1,0,0
1,1,1,0,0
1,1,1,0,0
1,1,1,0,0
1,1,1,0,0
1,1,1,0,0
1,1,1,0,0
1,1,1,0,0
1,1,1,0,0
1,1,1,0,0
1,1,1,0,0
1,1,1,0,0
1,1,1,0,0
1,1,1,0,0
1,1,1,0,0
1,0,0,0,0
1,0,0,0,0
1,0,0,0,0
1,0,0,0,0
1,0,0,0,0
1,0,0,0,0
1,0,0,0,0
1,0,0,0,0
1,0,0,0,0
1,0,0,0,0
1,0,0,0,0
1,0,0,0,0
1,0,0,0,0
1,0,0,0,0
1,0,0,0,0
1,0,0,0,0
1,0,0,0,0
1,0,0,0,0
1,0,0,0,0
1,0,0,0,0
1,0,0,0,0
1,0,0,0,0
1,0,0,0,0
1,0,0,0,0
1,0,0,0,0
1,0,0,0,0
1,0,0,0,0
1,0,0,0,0
1,0,0,0,0
1,0,0,0,0
1,0,0,0,0
1,0,0,0,0
1,0,0,0,0
1,0,0,0,0
1,0,0,0,0
1,0,0,0,0
1,0,0,0,0
1,0,0,0,0
1,0,0,0,0
1,0,0,0,0
1,0,0,0,0
1,0,0,0,0
1,0,0,0,0
1,0,0,0,0
1,0,0,0,0
1,0,0,0,0
1,0,0,0,0
1,0,0,0,0
1,0,0,0,0
1,0,0,0,0
1,0,0,0,0
1,0,0,0,0
1,0,0,0,0
1,0,0,0,0
1,0,0,0,0
1,0,0,0,0
1,0,0,0,0
1,0,0,0,0
1,0,0,0,0
1,0,0,0,0
1,0,0,0,0
1,0,0,0,0
1,0,0,0,0
1,0,0,0,0
1,0,0,0,0
1,0,0,0,0
1,0,0,0,0
1,0,0,0,0
1,0,0,0,0
1,0,0,0,0
1,0,0,0,0
1,0,0,0,0
1,0,0,0,0
1,0,0,0,0
1,0,0,0,0
1,0,0,0,0
1,0,0,0,0
1,0,0,0,0
1,0,0,0,0
1,0,0,0,0
1,0,0,0,0
1,0,0,0,0
1,0,0,0,0
1,0,0,0,0
1,0,0,0,0
1,0,0,0,0
1,0,0,0,0
1,0,0,0,0
1,0,0,0,0
1,0,0,0,0
1,0,0,0,0
1,0,0,0,0
1,0,0,0,0
1,0,0,0,0
1,0,0,0,0
1,0,0,0,0
1,0,0,0,0
1,0,0,0,0
1,0,0,0,0
1,0,0,0,0
1,0,0,0,0
1,0,0,0,0
1,0,0,0,0
1,0,0,0,0
1,0,0,0,0
1,0,0,0,0
1,0,0,0,0
1,0,0,0,0
1,0,0,0,0
1,0,0,0,0
1,0,0,0,0
1,0,0,0,0
1,0,0,0,0
1,0,0,0,0
1,0,0,0,0
1,0,0,0,0
1,0,0,0,0
1,0,0,0,0
1,0,0,0,0
1,0,0,0,0
1,0,0,0,0
1,0,0,0,0
1,0,0,0,0
1,0,0,0,0
1,0,0,0,0
1,0,0,0,0
1,0,0,0,0
1,0,0,0,0
1,0,0,0,0
1,0,0,0,0
1,0,0,0,0
1,0,0,0,0
1,0,0,0,0
1,0,0,0,0
1,0,0,0,0
1,0,0,0,0
1,0,0,0,0
1,0,0,0,0
1,0,0,0,0
1,0,0,0,0
1,0,0,0,0
1,0,0,0,0
1,0,0,0,0
1,0,0,0,0
1,0,0,0,0
1,0,0,0,0
1,0,0,0,0
1,0,0,0,0
1,0,0,0,0
1,0,0,0,0
1,0,0,0,0
1,0,0,0,0
1,0,0,0,0
1,0,0,0,0
1,0,0,0,0
1,0,0,0,0
1,0,0,0,0
1,0,0,0,0
1,0,0,0,0
1,0,0,0,0
1,0,0,0,0
1,0,0,0,0
1,0,0,0,0
1,0,0,0,0
1,0,0,0,0
1,0,0,0,0
1,0,0,0,0
1,0,0,0,0
1,0,0,0,0
1,0,0,0,0
1,0,0,0,0
1,0,0,0,0
1,0,0,0,0
1,0,0,0,0
1,0,0,0,0
1,0,0,0,0
1,0,0,0,0
1,0,0,0,0
1,0,0,0,0
1,0,0,0,0
1,0,0,0,0
1,0,0,0,0
1,0,0,0,0
1,0,0,0,0
1,0,0,0,0
1,0,0,0,0
1,0,0,0,0
1,0,0,0,0
1,0,0,0,0
1,0,0,0,0
1,0,0,0,0
1,0,0,0,0
1,0,0,0,0
1,0,0,0,0
1,0,0,0,0
1,0,0,0,0
1,0,0,0,0
1,0,0,0,0
1,0,0,0,0
1,0,0,0,0
1,0,0,0,0
1,0,0,0,0
1,0,0,0,0
1,0,0,0,0
1,0,0,0,0
1,0,0,0,0
1,0,0,0,0
1,0,0,0,0
1,0,0,0,0
1,0,0,0,0
1,0,0,0,0
1,0,0,0,0
1,0,0,0,0
1,0,0,0,0
1,0,0,0,0
1,0,0,0,0
1,0,0,0,0
1,0,0,0,0
1,0,0,0,0
1,0,0,0,0
1,0,0,0,0
1,0,0,0,0
1,0,0,0,0
1,0,0,0,0
1,0,0,0,0
1,0,0,0,0
1,0,0,0,0
1,0,0,0,0
1,0,0,0,0
1,0,0,0,0
1,0,0,0,0
1,0,0,0,0
1,0,0,0,0
1,0,0,0,0
1,0,0,0,0
1,0,0,0,0
1,0,0,0,0
1,0,0,0,0
1,0,0,0,0
1,0,0,0,0
1,0,0,0,0
1,0,0,0,0
1,0,0,0,0
1,0,0,0,0
1,0,0,0,0
1,0,0,0,0
1,0,0,0,0
1,0,0,0,0
1,0,0,0,0
1,0,0,0,0
1,0,0,0,0
1,0,0,0,0
1,0,0,0,0
1,0,0,0,0
1,0,0,0,0
1,0,0,0,0
1,0,0,0,0
1,0,0,0,0
1,0,0,0,0
1,0,0,0,0
1,0,0,0,0
1,0,0,0,0
1,0,0,0,0
1,0,0,0,0
1,0,0,0,0
1,0,0,0,0
1,0,0,0,0
1,0,0,0,0
1,0,0,0,0
1,0,0,0,0
1,0,0,0,0
1,0,0,0,0
1,1,1,1,0
1,1,1,1,0
1,1,1,1,0
1,1,1,1,0
1,1,1,1,0
1,1,1,1,0
1,1,1,1,0
1,1,1,1,0
1,1,1,1,0
1,1,1,1,0
1,1,1,1,0
1,1,1,1,0
1,1,1,1,0
1,1,1,1,0
1,1,1,1,0
1,1,1,1,0
1,1,1,1,0
1,1,1,1,0
1,1,1,1,0
1,1,1,1,0
1,1,1,1,0
1,1,1,1,0
1,1,1,1,0
1,1,1,1,0
1,1,1,1,0
1,1,1,1,0
1,1,1,1,0
1,1,1,1,0
1,1,1,1,0
1,1,1,1,0
1,1,1,1,0
1,1,1,1,0
1,1,1,1,0
1,1,1,1,0
1,1,1,1,0
1,1,1,1,0
1,1,1,1,0
1,1,1,1,0
1,1,1,1,0
1,1,1,1,0
1,1,1,1,0
1,1,1,1,0
1,1,1,1,0
1,1,1,1,0
1,1,1,1,0
1,1,1,1,0
1,1,1,1,0
1,1,1,1,0
1,1,1,1,0
1,1,1,1,0
1,1,1,1,0
1,1,1,1,0
1,1,1,1,0
1,1,1,1,0
1,1,1,1,0
1,1,1,1,0
1,1,1,1,0
1,1,1,1,0
1,1,1,1,0
1,1,1,1,0
1,1,1,1,0
1,1,1,1,0
1,1,1,1,0
1,1,1,1,0
1,1,1,1,0
1,1,1,1,0
1,1,1,1,0
1,1,1,1,0
1,1,1,1,0
1,1,1,1,0
1,1,1,1,0
1,1,1,1,0
1,1,1,1,0
1,1,1,1,0
1,1,1,1,0
1,1,1,1,0
1,1,1,1,0
1,1,1,1,0
1,1,1,1,0
1,1,1,1,0
1,1,1,1,0
1,1,1,1,0
1,1,1,1,0
1,1,1,1,0
1,1,1,1,0
1,1,1,1,0
1,1,1,1,0
1,1,1,1,0
1,1,1,1,0
1,1,1,1,0
1,1,1,1,0
1,1,1,1,0
1,1,1,1,0
1,1,1,1,0
1,1,1,1,0
1,1,1,1,0
1,1,1,1,0
1,1,1,1,0
1,1,1,1,0
1,1,1,1,0
1,1,1,1,0
1,1,1,1,0
1,1,1,1,0
1,1,1,1,0
1,1,1,1,0
1,1,1,1,0
1,1,1,1,0
1,1,1,1,0
1,1,1,1,0
1,1,1,1,0
1,1,1,1,0
1,1,1,1,0
1,1,1,1,0
1,1,1,1,0
1,1,1,1,0
1,1,1,1,0
1,1,1,1,0
1,1,1,1,0
1,1,1,1,0
1,1,1,1,0
1,1,1,1,0
1,1,1,1,0
1,1,1,1,0
1,1,1,1,0
1,1,1,1,0
1,1,1,1,0
1,1,1,1,0
1,1,1,1,0
1,1,1,1,0
1,1,1,1,0
1,1,1,1,0
1,1,1,1,0
1,1,1,1,0
1,1,1,1,0
1,1,1,1,0
1,1,1,1,0
1,1,1,1,0
1,1,1,1,0
1,1,1,1,0
1,1,1,1,0
1,1,1,1,0
1,1,1,1,0
1,1,1,1,0
1,1,1,1,0
1,1,1,1,0
1,1,1,1,0
1,1,1,1,0
1,1,1,1,0
1,1,1,1,0
1,1,1,1,0
1,1,1,1,0
1,1,1,1,0
1,1,1,1,0
1,1,1,1,0
1,1,1,1,0
1,1,1,1,0
1,1,1,1,0
1,1,1,1,0
1,1,1,1,0
1,1,1,1,0
1,1,1,1,0
1,1,1,1,0
1,1,1,1,0
1,1,1,1,0
1,1,1,1,0
1,1,1,1,0
1,1,1,1,0
1,1,1,1,0
1,1,1,1,0
1,1,1,1,0
1,1,1,1,0
1,1,1,1,0
1,1,1,1,0
1,1,1,1,0
1,1,1,1,0
1,1,1,1,0
1,1,1,1,0
1,1,1,1,0
1,1,1,1,0
1,1,1,1,0
1,1,1,1,0
1,1,1,1,0
1,1,1,1,0
1,1,1,1,0
1,1,1,1,0
1,1,1,1,0
1,1,1,1,0
1,1,1,1,0
1,1,1,1,0
1,1,1,1,0
1,1,1,1,0
1,1,1,1,0
1,1,1,1,0
1,1,1,1,0
1,1,1,1,0
1,1,1,1,0
1,1,1,1,0
1,1,1,1,0
1,1,1,1,0
1,1,1,1,0
1,1,1,1,0
1,1,1,1,0
1,1,1,1,0
1,1,1,1,0
1,1,1,1,0
1,1,1,1,0
1,1,1,1,0
1,1,1,1,0
1,1,1,1,0
1,1,1,1,0
1,1,1,1,0
1,1,1,1,0
1,1,1,1,0
1,1,1,1,0
1,1,1,1,0
1,1,1,1,0
1,1,1,1,0
1,1,1,1,0
1,1,1,1,0
1,1,1,1,0
1,1,1,1,0
1,1,1,1,0
1,1,1,1,0
1,1,1,1,0
1,1,1,1,0
1,1,1,1,0
1,1,1,1,0
1,1,1,1,0
1,1,1,1,0
1,1,1,1,0
1,1,1,1,0
1,1,1,1,0
1,1,1,1,0
1,1,1,1,0
1,1,1,1,0
1,1,1,1,0
1,1,1,1,0
1,1,1,1,0
1,1,1,1,0
1,1,1,1,0
1,1,1,1,0
1,1,0,0,0
1,1,0,0,0
1,1,0,0,0
1,1,0,0,0
1,1,0,0,0
1,1,0,0,0
1,1,0,0,0
1,1,0,0,0
1,1,0,0,0
1,1,0,0,0
1,1,0,0,0
1,1,0,0,0
1,1,0,0,0
1,1,0,0,0
1,1,0,0,0
1,1,0,0,0
1,1,0,0,0
1,1,0,0,0
1,1,0,0,0
1,1,0,0,0
1,1,0,0,0
1,1,0,0,0
1,1,0,0,0
1,1,0,0,0
1,1,0,0,0
1,1,0,0,0
1,1,0,0,0
1,1,0,0,0
1,1,0,0,0
1,1,0,0,0
1,1,0,0,0
1,1,0,0,0
1,1,0,0,0
1,1,0,0,0
1,1,0,0,0
1,1,0,0,0
1,1,0,0,0
1,1,0,0,0
1,1,0,0,0
1,1,0,0,0
1,1,0,0,0
1,1,0,0,0
1,1,0,0,0
1,1,0,0,0
1,1,0,0,0
1,1,0,0,0
1,1,0,0,0
1,1,0,0,0
1,1,0,0,0
1,1,0,0,0
1,1,0,0,0
1,1,0,0,0
1,1,0,0,0
1,1,0,0,0
1,1,0,0,0
1,1,0,0,0
1,1,0,0,0
1,1,0,0,0
1,1,0,0,0
1,1,0,0,0
1,1,0,0,0
1,1,0,0,0
1,1,0,0,0
1,1,0,0,0
1,1,0,0,0
1,1,0,0,0
1,1,0,0,0
1,1,0,0,0
1,1,0,0,0
1,1,0,0,0
1,1,0,0,0
1,1,0,0,0
1,1,0,0,0
1,1,0,0,0
1,1,0,0,0
1,1,0,0,0
1,1,0,0,0
1,1,0,0,0
1,1,0,0,0
1,1,0,0,0
1,1,0,0,0
1,1,0,0,0
1,1,0,0,0
1,1,0,0,0
1,1,0,0,0
1,1,0,0,0
1,1,0,0,0
1,1,0,0,0
1,1,0,0,0
1,1,0,0,0
1,1,0,0,0
1,1,0,0,0
1,1,0,0,0
1,1,0,0,0
1,1,0,0,0
1,1,0,0,0
1,1,0,0,0
1,1,0,0,0
1,1,0,0,0
1,1,0,0,0
1,1,0,0,0
1,1,0,0,0
1,1,0,0,0
1,1,0,0,0
1,1,0,0,0
1,1,0,0,0
1,1,0,0,0
1,1,0,0,0
1,1,0,0,0
1,1,0,0,0
1,1,0,0,0
1,1,0,0,0
1,1,0,0,0
1,1,0,0,0
1,1,0,0,0
1,1,0,0,0
1,1,0,0,0
1,1,0,0,0
1,1,0,0,0
1,1,0,0,0
1,1,0,0,0
1,1,0,0,0
1,1,0,0,0
1,1,0,0,0
1,1,0,0,0
1,1,0,0,0
1,1,0,0,0
1,1,0,0,0
1,1,0,0,0
1,1,0,0,0
1,1,0,0,0
1,1,0,0,0
1,1,0,0,0
1,1,0,0,0
1,1,0,0,0
1,1,0,0,0
1,1,0,0,0
1,1,0,0,0
1,1,0,0,0
1,1,0,0,0
1,1,0,0,0
1,1,0,0,0
1,1,0,0,0
1,1,0,0,0
1,1,0,0,0
1,1,0,0,0
1,1,0,0,0
1,1,0,0,0
1,1,0,0,0
1,1,0,0,0
1,1,0,0,0
1,1,0,0,0
1,1,0,0,0
1,1,0,0,0
1,1,0,0,0
1,1,0,0,0
1,1,0,0,0
1,1,0,0,0
1,1,0,0,0
1,1,0,0,0
1,1,0,0,0
1,1,0,0,0
1,1,0,0,0
1,1,0,0,0
1,1,0,0,0
1,1,0,0,0
1,1,0,0,0
1,1,0,0,0
1,1,0,0,0
1,1,0,0,0
1,1,0,0,0
1,1,0,0,0
1,1,0,0,0
1,1,0,0,0
1,1,0,0,0
1,1,0,0,0
1,1,0,0,0
1,1,0,0,0
1,1,0,0,0
1,1,0,0,0
1,1,0,0,0
1,1,0,0,0
1,1,0,0,0
1,1,0,0,0
1,1,0,0,0
1,1,0,0,0
1,1,0,0,0
1,1,0,0,0
1,1,0,0,0
1,1,0,0,0
1,1,0,0,0
1,1,0,0,0
1,1,0,0,0
1,1,0,0,0
1,1,0,0,0
1,1,0,0,0
1,1,0,0,0
1,1,0,0,0
1,1,0,0,0
1,1,0,0,0
1,1,0,0,0
1,1,0,0,0
1,1,0,0,0
1,1,0,0,0
1,1,0,0,0
0,0,0,0,0
0,0,0,0,0
0,0,0,0,0
0,0,0,0,0
0,0,0,0,0
0,0,0,0,0
0,0,0,0,0
0,0,0,0,0
0,0,0,0,0
0,0,0,0,0
0,0,0,0,0
0,0,0,0,0
0,0,0,0,0
0,0,0,0,0
0,0,0,0,0
0,0,0,0,0
0,0,0,0,0
0,0,0,0,0
0,0,0,0,0
0,0,0,0,0
0,0,0,0,0
0,0,0,0,0
0,0,0,0,0
0,0,0,0,0
0,0,0,0,0
0,0,0,0,0
0,0,0,0,0
0,0,0,0,0
0,0,0,0,0
0,0,0,0,0
0,0,0,0,0
0,0,0,0,0
0,0,0,0,0
0,0,0,0,0
0,0,0,0,0
0,0,0,0,0
0,0,0,0,0
0,0,0,0,0
0,0,0,0,0
0,0,0,0,0
0,0,0,0,0
0,0,0,0,0
0,0,0,0,0
0,0,0,0,0
0,0,0,0,0
0,0,0,0,0
0,0,0,0,0
0,0,0,0,0
0,0,0,0,0
0,0,0,0,0
0,0,0,0,0
0,0,0,0,0
0,0,0,0,0
0,0,0,0,0
0,0,0,0,0
0,0,0,0,0
0,0,0,0,0
0,0,0,0,0
0,0,0,0,0
0,0,0,0,0
0,0,0,0,0
0,0,0,0,0
0,0,0,0,0
0,0,0,0,0
0,0,0,0,0
0,0,0,0,0
0,0,0,0,0
0,0,0,0,0
0,0,0,0,0
0,0,0,0,0
0,0,0,0,0
0,0,0,0,0
0,0,0,0,0
0,0,0,0,0
0,0,0,0,0
0,0,0,0,0
0,0,0,0,0
0,0,0,0,0
0,0,0,0,0
0,0,0,0,0
0,0,0,0,0
0,0,0,0,0
0,0,0,0,0
0,0,0,0,0
0,0,0,0,0
0,0,0,0,0
0,0,0,0,0
0,0,0,0,0
0,0,0,0,0
0,0,0,0,0
0,0,0,0,0
0,0,0,0,0
0,0,0,0,0
0,0,0,0,0
0,0,0,0,0
0,0,0,0,0
0,0,0,0,0
0,0,0,0,0
0,0,0,0,0
0,0,0,0,0
0,0,0,0,0
0,0,0,0,0
0,0,0,0,0
0,0,0,0,0
0,0,0,0,0
0,0,0,0,0
0,0,0,0,0
0,0,0,0,0
0,0,0,0,0
0,0,0,0,0
0,0,0,0,0
0,0,0,0,0
0,0,0,0,0
0,0,0,0,0
0,0,0,0,0
0,0,0,0,0
0,0,0,0,0
0,0,0,0,0
0,0,0,0,0
0,0,0,0,0
0,0,0,0,0
0,0,0,0,0
0,0,0,0,0
0,0,0,0,0
0,0,0,0,0
0,0,0,0,0
0,0,0,0,0
0,0,0,0,0
0,0,0,0,0
0,0,0,0,0
0,0,0,0,0
0,0,0,0,0
0,0,0,0,0
0,0,0,0,0
0,0,0,0,0
0,0,0,0,0
0,0,0,0,0
0,0,0,0,0
0,0,0,0,0
0,0,0,0,0
0,0,0,0,0
0,0,0,0,0
0,0,0,0,0
0,0,0,0,0
0,0,0,0,0
0,0,0,0,0
0,0,0,0,0
0,0,0,0,0
0,0,0,0,0
0,0,0,0,0
0,0,0,0,0
0,0,0,0,0
0,0,0,0,0
0,0,0,0,0
0,0,0,0,0
0,0,0,0,0
0,0,0,0,0
0,0,0,0,0
0,0,0,0,0
0,0,0,0,0
0,0,0,0,0
0,0,0,0,0
0,0,0,0,0
0,0,0,0,0
0,0,0,0,0
0,0,0,0,0
0,0,0,0,0
0,0,0,0,0
0,0,0,0,0
0,0,0,0,0
0,0,0,0,0
0,0,0,0,0
0,0,0,0,0
0,0,0,0,0
0,0,0,0,0
0,0,0,0,0
0,0,0,0,0
0,0,0,0,0
0,0,0,0,0
0,0,0,0,0
0,0,0,0,0
0,0,0,0,0
0,0,0,0,0
0,0,0,0,0
0,0,0,0,0
0,0,0,0,0
0,0,0,0,0
0,0,0,0,0
0,0,0,0,0
0,0,0,0,0
0,0,0,0,0
0,0,0,0,0
0,0,0,0,0
0,0,0,0,0
0,0,0,0,0
0,0,0,0,0
0,0,0,0,0
0,0,0,0,0
0,0,0,0,0
0,0,0,0,0
0,0,0,0,0
0,0,0,0,0
0,0,0,0,0
0,0,0,0,0
0,0,0,0,0
0,0,0,0,0
0,0,0,0,0
0,0,0,0,0
0,0,0,0,0
0,0,0,0,0
0,0,0,0,0
0,0,0,0,0
0,0,0,0,0
0,0,0,0,0
0,0,0,0,0
0,0,0,0,0
0,0,0,0,0
0,0,0,0,0
0,0,0,0,0
0,0,0,0,0
0,0,0,0,0
0,0,0,0,0
0,0,0,0,0
0,0,0,0,0
0,0,0,0,0
0,0,0,0,0
0,0,0,0,0
0,0,0,0,0
0,0,0,0,0
0,0,0,0,0
0,0,0,0,0
0,0,0,0,0
0,0,0,0,0
0,0,0,0,0
0,0,0,0,0
0,0,0,0,0
0,0,0,0,0
0,0,0,0,0
0,0,0,0,0
0,0,0,0,0
0,0,0,0,0
0,0,0,0,0
0,0,0,0,0
0,0,0,0,0
0,0,0,0,0
0,0,0,0,0
0,0,0,0,0
0,0,0,0,0
0,0,0,0,0
0,0,0,0,0
0,0,0,0,0
0,0,0,0,0
0,0,0,0,0
0,0,0,0,0
0,0,0,0,0
0,0,0,0,0
0,0,0,0,0
0,0,0,0,0
0,0,0,0,0
0,0,0,0,0
0,0,0,0,0
0,0,0,0,0
0,0,0,0,0
0,0,0,0,0
0,0,0,0,0
0,0,0,0,0
0,0,0,0,0
0,0,0,0,0
0,0,0,0,0
0,0,0,0,0
0,0,0,0,0
0,0,0,0,0
0,0,0,0,0
0,0,0,0,0
0,0,0,0,0
0,0,0,0,0
0,0,0,0,0
0,0,0,0,0
0,0,0,0,0
0,0,0,0,0
0,0,0,0,0
0,0,0,0,0
0,0,0,0,0
0,0,0,0,0
0,0,0,0,0
0,0,0,0,0
0,0,0,0,0
0,0,0,0,0
1,1,1,1,1
1,1,1,1,1
1,1,1,1,1
1,1,1,1,1
1,1,1,1,1
1,1,1,1,1
1,1,1,1,1
1,1,1,1,1
1,1,1,1,1
1,1,1,1,1
1,1,1,1,1
1,1,1,1,1
1,1,1,1,1
1,1,1,1,1
1,1,1,1,1
1,1,1,1,1
1,1,1,1,1
1,1,1,1,1
1,1,1,1,1
1,1,1,1,1
1,1,1,1,1
1,1,1,1,1
1,1,1,1,1
1,1,1,1,1
1,1,1,1,1
1,1,1,1,1
1,1,1,1,1
1,1,1,1,1
1,1,1,1,1
1,1,1,1,1
1,1,1,1,1
1,1,1,1,1
1,1,1,1,1
1,1,1,1,1
1,1,1,1,1
1,1,1,1,1
1,1,1,1,1
1,1,1,1,1
1,1,1,1,1
1,1,1,1,1
1,1,1,1,1
1,1,1,1,1
1,1,1,1,1
1,1,1,1,1
1,1,1,1,1
1,1,1,1,1
1,1,1,1,1
1,1,1,1,1
1,1,1,1,1
1,1,1,1,1
1,1,1,1,1
1,1,1,1,1
1,1,1,1,1
1,1,1,1,1
1,1,1,1,1
1,1,1,1,1
1,1,1,1,1
1,1,1,1,1
1,1,1,1,1
1,1,1,1,1
1,1,1,1,1
1,1,1,1,1
1,1,1,1,1
1,1,1,1,1
1,1,1,1,1
1,1,1,1,1
1,1,1,1,1
1,1,1,1,1
1,1,1,1,1
1,1,1,1,1
1,1,1,1,1
1,1,1,1,1
1,1,1,1,1
1,1,1,1,1
1,1,1,1,1
1,1,1,1,1
1,1,1,1,1
1,1,1,1,1
1,1,1,1,1
1,1,1,1,1
1,1,1,1,1
1,1,1,1,1
1,1,1,1,1
1,1,1,1,1
1,1,1,1,1
1,1,1,1,1
1,1,1,1,1
1,1,1,1,1
1,1,1,1,1
1,1,1,1,1
1,1,1,1,1
1,1,1,1,1
1,1,1,1,1
1,1,1,1,1
1,1,1,1,1
1,1,1,1,1
1,1,1,1,1
1,1,1,1,1
1,1,1,1,1
1,1,1,1,1
1,1,1,1,1
1,1,1,1,1
1,1,1,1,1
1,1,1,1,1
1,1,1,1,1
1,1,1,1,1
1,1,1,1,1
1,1,1,1,1
1,1,1,1,1
1,1,1,1,1
1,1,1,1,1
1,1,1,1,1
1,1,1,1,1
1,1,1,1,1
1,1,1,1,1
1,1,1,1,1
1,1,1,1,1
1,1,1,1,1
1,1,1,1,1
1,1,1,1,1
1,1,1,1,1
1,1,1,1,1
1,1,1,1,1
1,1,1,1,1
1,1,1,1,1
1,1,1,1,1
1,1,1,1,1
1,1,1,1,1
1,1,1,1,1
1,1,1,1,1
1,1,1,1,1
1,1,1,1,1
1,1,1,1,1
1,1,1,1,1
1,1,1,1,1
1,1,1,1,1
1,1,1,1,1
1,1,1,1,1
1,1,1,1,1
1,1,1,1,1
1,1,1,1,1
1,1,1,1,1
1,1,1,1,1
1,1,1,1,1
1,1,1,1,1
1,1,1,1,1
1,1,1,1,1
1,1,1,1,1
1,1,1,1,1
1,1,1,1,1
1,1,1,1,1
1,1,1,1,1
1,1,1,1,1
1,1,1,1,1
1,1,1,1,1
1,1,1,1,1
1,1,1,1,1
1,1,1,1,1
1,1,1,1,1
1,1,1,1,1
1,1,1,1,1
1,1,1,1,1
1,1,1,1,1
1,1,1,1,1
1,1,1,1,1
1,1,1,1,1
1,1,1,1,1
1,1,1,1,1
1,1,1,1,1
1,1,1,1,1
1,1,1,1,1
1,1,1,1,1
1,1,1,1,1
1,1,1,1,1
1,1,1,1,1
1,1,1,1,1
1,1,1,1,1
1,1,1,1,1
1,1,1,1,1
1,1,1,1,1
1,1,1,1,1
1,1,1,1,1
1,1,1,1,1
1,1,1,1,1
1,1,1,1,1
1,1,1,1,1
1,1,1,1,1
1,1,1,1,1
1,1,1,1,1
1,1,1,1,1
1,1,1,1,1
1,1,1,1,1
1,1,1,1,1
1,1,1,1,1
1,1,1,1,1
1,1,1,1,1
1,1,1,1,1
1,1,1,1,1
1,1,1,1,1
1,1,1,1,1
1,1,1,1,1
1,1,1,1,1
